{
  "point":[[
    {"coord":[125.3245,43.886841],"elevation":"中国建设银行"},
    {"coord":[26.642464,45.756967],"elevation":"中国建设银行"},
    {"coord":[114.502461,38.045474],"elevation":"中国建设银行"},
    {"coord":[113.665412,34.757975],"elevation":"中国建设银行"},
    {"coord":[113.54909,22.198951],"elevation":"中国建设银行"},
    {"coord":[114.173355,22.320048],"elevation":"中国建设银行"},
    {"coord":[106.504962,29.533155],"elevation":"中国建设银行"},
    {"coord":[121.472644,31.231706],"elevation":"中国建设银行"},
    {"coord":[103.823557,36.058039],"elevation":"中国建设银行"},
    {"coord":[118.767413,32.041544],"elevation":"中国建设银行"},
    {"coord":[87.617733,43.792818],"elevation":"中国建设银行"}
  ]]
}
