{
  "mapBankData":[[125.3245,43.886841,"中国工商银行","常州"],
    [26.642464,45.756967,"中国建设银行","上海"],
    [114.502461,38.045474,"中国银行","南京"],
    [113.665412,34.757975,"中国农业银行","苏州"],
    [113.54909,22.198951,"交通银行","扬州"],
    [114.173355,22.320048,"招商银行","重庆"],
    [106.504962,29.533155,"中信银行","扬州"],
    [121.472644,31.231706,"浦发银行","江阴"],
    [103.823557,36.058039,"兴业银行","成都"],
    [26.642464,48.756967,"中国建设银行","杭州"],
    [114.502461,48.045474,"中国银行","南京"],
    [108.665412,34.757975,"中国农业银行","苏州"],
    [113.54909,22.198951,"交通银行","扬州"],
    [103.173355,22.320048,"招商银行","重庆"],
    [106.504962,23.533155,"中信银行","扬州"],
    [121.472644,24.231706,"浦发银行","江阴"],
    [102.823557,35.058039,"兴业银行","成都"],
    [128.767413,32.041544,"民生银行","张家港"],
    [107.617733,43.792818,"中国邮政储蓄银行","张家界"]],
  "tableScoreData": [{
        "bankName": "中国工商银行",
        "name": "李红111",
        "number": "32442",
        "annualAchieve": "88,467,763.88"
      },{
        "bankName": "中国建设银行",
        "name": "王科111",
        "number": "231",
        "annualAchieve": "88,467,763.88"
      },{
        "bankName": "中国银行",
        "name": "王丽111",
        "number": "999999",
        "annualAchieve": "88,467,763.88"
      }, {
        "bankName": "中国农业银行",
        "name": "李琴111",
        "number": "98",
        "annualAchieve": "88,467,763.88"
      }, {
        "bankName": "交通银行",
        "name": "张杰111",
        "number": "89",
        "annualAchieve": "88,467,763.88"
      }, {
        "bankName": "招商银行",
        "name": "包君111",
        "number": "45",
        "annualAchieve": "88,467,763.88"
      }, {
        "bankName": "中信银行",
        "name": "刘洪111",
        "number": "11",
        "annualAchieve": "88,467,763.88"
      }, {
        "bankName": "兴业银行",
        "name": "付红军111",
        "number": "2456",
        "annualAchieve": "88,467,763.88"
      }, {
        "bankName": "浦发银行",
        "name": "程飞孔111",
        "number": "66",
        "annualAchieve": "88,467,763.88"
      }, {
        "bankName": "民生银行",
        "name": "吴利群111",
        "number": "123",
        "annualAchieve": "88,467,763.88"
      }, {
        "bankName": "招商银行",
        "name": "马国志111",
        "number": "345",
        "annualAchieve": "88,467,763.88"
      },{
        "bankName": "中国邮政储蓄",
        "name": "李琴111",
        "number": "98",
        "annualAchieve": "88,467,763.88"
      }]
,
  "tableLogData": [{
        "bankName": "中国工商银行",
        "requireNub": "23444",
        "visitLog": "qweqweqweqweqwesfwefw委屈委屈我发违法",
        "hostGuest": "王晓丽"
      },{
        "bankName": "兴业银行",
        "requireNub": "23444",
        "visitLog": "qweqweqweqweqwesfwefw委屈委屈我发违法",
        "hostGuest": "王晓丽"
       }, {
        "bankName": "中国建设银行",
        "requireNub": "11",
        "visitLog": "23123123好2喔后i2j3oi1j2oj31j",
        "hostGuest": "哈雷'"
      }, {
        "bankName": "中国银行",
        "requireNub": "24234234",
        "visitLog": "1231233反而个情人高峰期惹她4题5提取5用5有15引擎2",
        "hostGuest": "王小利"
      }, {
        "bankName": "中国农业银行",
        "requireNub": "4444",
        "visitLog": "wf儿134 二432改4改4 43条4图5题5 用5有5月5元 6而41提高4",
        "hostGuest": "赵本山"
      }, {
        "bankName": "交通银行",
        "requireNub": "1314",
        "visitLog": "违法人工如果请教yjuk7uk47j5yj535有6要6 ",
        "hostGuest": "小沈阳"
      }, {
        "bankName": "招商银行",
        "requireNub": "23444",
        "visitLog": "qweqweqweqweqwesfwefw委屈委屈我发违法",
        "hostGuest": "王晓丽"
      }, {
        "bankName": "中信银行",
        "requireNub": "1314",
        "visitLog": "违法人工如果请教yjuk7uk47j5yj535有6要6 ",
        "hostGuest": "小沈阳"
      }, {
      "bankName": "浦发银行",
      "requireNub": "1314",
      "visitLog": "违法人工如果请教yjuk7uk47j5yj535有6要6 ",
      "hostGuest": "小沈阳"
    },{
      "bankName": "中国工商银行",
      "requireNub": "23444",
      "visitLog": "1231231231",
      "hostGuest": "王晓丽"
    },{
       "bankName": "中国邮政储蓄",
        "requireNub": "23444",
        "visitLog": "qweqweqweqweqwesfwefw委屈委屈我发违法",
        "hostGuest": "王晓丽"
    }],
      "allBankData": [
        {"bankName": "中国工商银行"},
        {"bankName":  "中国建设银行"},
        {"bankName": "中国农业银行"},
        {"bankName": "交通银行"},
        {"bankName": "招商银行" },
        {"bankName": "中国邮政储蓄银行"},
        {"bankName":  "浦发银行"},
        {"bankName": "兴业银行"},
        {"bankName": "民生银行"},
        {"bankName": "招商银行" },
        {"bankName": "中国银行" }
      ],
      "visitLogData":[
        {"visitLog": "qweqweqweqweqwesfwefw委屈委屈我发违法"},
        {"visitLog":  "23123123好2喔后i2j3oi1j2oj31j"},
        {"visitLog": "wf儿134 二432改4改4 43条4图5题5 用5有5月5元 6而41提高4"},
        {"visitLog": "1234567890"},
        {"visitLog": "！@#￥%…… "}
      ],
      "allBankEchartsData": [
        {"value":100, "name": "中国工商银行"},
        {"value":200, "name": "中国建设银行"},
        {"value":300, "name": "中国银行"},
        {"value":400, "name": "中国农业银行"},
        {"value":500, "name": "交通银行"},
        {"value":600, "name": "招商银行"},
        {"value":700, "name": "中信银行"},
        {"value":800, "name": "浦发银行"},
        {"value":900, "name": "兴业银行"},
        {"value":1000, "name": "民生银行"},
        {"value":1100, "name": "中国邮政储蓄银行"}
      ],
      "monthEchartData": [
        {"value":100, "name": "中国工商银行"},
        {"value":200, "name": "中国建设银行"},
        {"value":300, "name": "中国银行"},
        {"value":400, "name": "中国农业银行"},
        {"value":500, "name": "交通银行"},
        {"value":600, "name": "招商银行"},
        {"value":700, "name": "中信银行"},
        {"value":800, "name": "浦发银行"},
        {"value":900, "name": "兴业银行"},
        {"value":1000, "name": "民生银行"},
        {"value":1100, "name": "中国邮政储蓄银行"},{"value":100, "name": "中国工商银行"},
        {"value":200, "name": "中国建设银行"},
        {"value":300, "name": "中国银行"},
        {"value":400, "name": "中国农业银行"},
        {"value":500, "name": "交通银行"},
        {"value":600, "name": "招商银行"},
        {"value":700, "name": "中信银行"},
        {"value":800, "name": "浦发银行"},
        {"value":900, "name": "兴业银行"},
        {"value":1000, "name": "民生银行"},
        {"value":1100, "name": "中国邮政储蓄银行"},
        {"value":100, "name": "中国工商银行"},
        {"value":200, "name": "中国建设银行"},
        {"value":300, "name": "中国银行"},
        {"value":400, "name": "中国农业银行"},
        {"value":500, "name": "交通银行"},
        {"value":600, "name": "招商银行"},
        {"value":700, "name": "中信银行"},
        {"value":800, "name": "浦发银行"},
        {"value":900, "name": "兴业银行"},
        {"value":1000, "name": "民生银行"},
        {"value":1100, "name": "中国邮政储蓄银行"}
      ],
  "weekEchartData": [
    {"value":100, "name": "中国工商银行"},
    {"value":200, "name": "中国建设银行"},
    {"value":300, "name": "中国银行"},
    {"value":400, "name": "中国农业银行"},
    {"value":500, "name": "交通银行"},
    {"value":600, "name": "招商银行"},
    {"value":700, "name": "中信银行"},
    {"value":800, "name": "浦发银行"},
    {"value":900, "name": "兴业银行"},
    {"value":1000, "name": "民生银行"},
    {"value":1100, "name": "中国邮政储蓄银行"},{"value":100, "name": "中国工商银行"},
    {"value":200, "name": "中国建设银行"},
    {"value":300, "name": "中国银行"},
    {"value":400, "name": "中国农业银行"},
    {"value":500, "name": "交通银行"},
    {"value":600, "name": "招商银行"},
    {"value":700, "name": "中信银行"},
    {"value":800, "name": "浦发银行"},
    {"value":900, "name": "兴业银行"},
    {"value":1000, "name": "民生银行"},
    {"value":1100, "name": "中国邮政储蓄银行"},
    {"value":100, "name": "中国工商银行"},
    {"value":200, "name": "中国建设银行"},
    {"value":300, "name": "中国银行"},
    {"value":400, "name": "中国农业银行"},
    {"value":500, "name": "交通银行"},
    {"value":600, "name": "招商银行"},
    {"value":700, "name": "中信银行"},
    {"value":800, "name": "浦发银行"},
    {"value":900, "name": "兴业银行"},
    {"value":1000, "name": "民生银行"},
    {"value":1100, "name": "中国邮政储蓄银行"}
  ]
}
