{
  "tableLogData": [{
    "bankName": "中国农业银行江苏分行22",
    "requireNub": "23444",
    "visitLog": "qweqweqweqweqwesfwefw委屈委屈我发违法",
    "hostGuest": "王晓丽"
  }, {
    "bankName": "江苏银行南京分行22",
    "requireNub": "11",
    "visitLog": "23123123好2喔后i2j3oi1j2oj31j",
    "hostGuest": "哈雷'"
  }, {
    "bankName": "中国招商银行信阳分行22",
    "requireNub": "24234234",
    "visitLog": "1231233反而个情人高峰期惹她4题5提取5用5有15引擎2",
    "hostGuest": "王小利"
  }, {
    "bankName": "中国农业银行江苏分行",
    "requireNub": "4444",
    "visitLog": "wf儿134 二432改4改4 43条4图5题5 用5有5月5元 6而41提高4",
    "hostGuest": "赵本山"
  }, {
    "bankName": "中国工商银行江苏分行",
    "requireNub": "1314",
    "visitLog": "违法人工如果请教yjuk7uk47j5yj535有6要6 ",
    "hostGuest": "小沈阳"
  }, {
    "bankName": "中国农业银行江苏分行",
    "requireNub": "23444",
    "visitLog": "qweqweqweqweqwesfwefw委屈委屈我发违法",
    "hostGuest": "王晓丽",
  }, {
    "bankName": "中国工商银行江苏分行",
    "requireNub": "1314",
    "visitLog": "违法人工如果请教yjuk7uk47j5yj535有6要6 ",
    "hostGuest": "小沈阳"
  }]
}
