{
  "tableScoreData": [{
    "bankName": "中国建设银行股份有限公司",
    "name": "李红111",
    "number": "32442",
    "annualAchieve": "88,467,763.88"
  },{
    "bankName": "中国农业银行河北分行",
    "name": "王科111",
    "number": "231",
    "annualAchieve": "88,467,763.88"
  },{
    "bankName": "中国江苏银行南京分行",
    "name": "王丽111",
    "number": "999999",
    "annualAchieve": "88,467,763.88"
  }, {
    "bankName": "中国工商银行福建分行",
    "name": "李琴111",
    "number": "98",
    "annualAchieve": "88,467,763.88"
  }, {
    "bankName": "中国建设银行股份有限司",
    "name": "张杰111",
    "number": "89",
    "annualAchieve": "88,467,763.88"
  }, {
    "bankName": "中国建设银行股份有限司",
    "name": "包君111",
    "number": "45",
    "annualAchieve": "88,467,763.88"
  }, {
    "bankName": "中国建设银行股份有限公司",
    "name": "刘洪111",
    "number": "11",
    "annualAchieve": "88,467,763.88"
  }, {
    "bankName": "中国建设银行股份有限公司",
    "name": "付红军111",
    "number": "2456",
    "annualAchieve": "88,467,763.88"
  }, {
    "bankName": "中国建设银行股份有限公司",
    "name": "程飞孔111",
    "number": "66",
    "annualAchieve": "88,467,763.88"
  }, {
    "bankName": "中国建设银行股份有限公司",
    "name": "吴利群111",
    "number": "123",
    "annualAchieve": "88,467,763.88"
  }, {
    "bankName": "中国建设银行股份有限公司",
    "name": "马国志111",
    "number": "345",
    "annualAchieve": "88,467,763.88"
  }]
}
